{"/about/":{"data":{"":"This is the about page."},"title":"About"},"/docs/":{"data":{"":"This is a demo of the theme’s documentation layout.","hello-world#Hello, World!":" main.gopackage main import \"fmt\" func main() { fmt.Println(\"Hello, World!\") } "},"title":"Documentation"},"/docs/first-page/":{"data":{"":"A simple demo page."},"title":"Demo Page"},"/docs/folder/":{"data":{"":"Pages can be organized into folders."},"title":"Folder"},"/docs/folder/leaf/":{"data":{"":"This page is under a folder."},"title":"Leaf Page"}}