<rss version="2.0" xmlns:atom="http://www.w3.org/2005/Atom">
  <channel>
    <title>Baig Bullet Point – Welcome to Baig Bullet Point</title>
    <link>http://192.168.0.153:1313/</link>
    <description>Recent content in Welcome to Baig Bullet Point on Baig Bullet Point</description>
    <generator>Hugo -- gohugo.io</generator>
    <language>en</language>
    
	  <atom:link href="http://192.168.0.153:1313/index.xml" rel="self" type="application/rss+xml" />
    
    
      
      
    
    
  </channel>
</rss>
