<rss version="2.0" xmlns:atom="http://www.w3.org/2005/Atom">
  <channel>
    <title>Baig Bullet Point – Folder</title>
    <link>http://192.168.0.153:1313/docs/folder/</link>
    <description>Recent content in Folder on Baig Bullet Point</description>
    <generator>Hugo -- gohugo.io</generator>
    <language>en</language>
    
	  <atom:link href="http://192.168.0.153:1313/docs/folder/index.xml" rel="self" type="application/rss+xml" />
    
    
      
        
      
    
    
    <item>
      <title>Leaf Page</title>
      <link>http://192.168.0.153:1313/docs/folder/leaf/</link>
      <pubDate>Mon, 01 Jan 0001 00:00:00 +0000</pubDate>
      
      <guid>http://192.168.0.153:1313/docs/folder/leaf/</guid>
      <description>
        
        
        &lt;p&gt;This page is under a folder.&lt;/p&gt;

      </description>
    </item>
    
  </channel>
</rss>
